Column 1,Column 2
550006,http://kismettekstil.com/Content/Images/3132.300.550006.4/1_OpacityMidSize.jpg
550005,http://kismettekstil.com/Content/Images/3133.300.550005.6/1_OpacityMidSize.jpg
550004,http://kismettekstil.com/Content/Images/1004.300.550004.6/1_OpacityMidSize.jpg
550003,http://kismettekstil.com/Content/Images/1004.300.550003.1/1_OpacityMidSize.jpg
130437,http://kismettekstil.com/Content/Images/1001.300.130437.1/1_OpacityMidSize.jpg
121459,http://kismettekstil.com/Content/Images/1001.300.121459.1/1_OpacityMidSize.jpg
550002,http://kismettekstil.com/Content/Images/1011.300.550002.V1/1_OpacityMidSize.jpg
550001,http://kismettekstil.com/Content/Images/1011.300.550001.V21/1_OpacityMidSize.jpg
130420,http://kismettekstil.com/Content/Images/1001.300.130420.1/1_OpacityMidSize.jpg
3082,http://kismettekstil.com/Content/Images/1022.310.3082.1/1_OpacityMidSize.jpg
121310,http://kismettekstil.com/Content/Images/1001.300.121310.2/1_OpacityMidSize.jpg
93319,http://kismettekstil.com/Content/Images/1001.300.93319.1/1_OpacityMidSize.jpg
93300,http://kismettekstil.com/Content/Images/1001.300.93300.1/1_OpacityMidSize.jpg
71319,http://kismettekstil.com/Content/Images/1001.300.71319.1/1_OpacityMidSize.jpg
140997,http://kismettekstil.com/Content/Images/1001.300.140997.1/1_OpacityMidSize.jpg
101022,http://kismettekstil.com/Content/Images/1001.300.101022.1/1_OpacityMidSize.jpg